<beans xmlns="http://www.springframework.org/schema/beans"
xmlns:xsi="http://www.w3.org/2001/XMLSchema-instance" 
xmlns:mvc="http://www.springframework.org/schema/mvc"
xmlns:aop="http://www.springframework.org/schema/aop"
xmlns:context="http://www.springframework.org/schema/context" 
xmlns:p="http://www.springframework.org/schema/p" 
xmlns:tx="http://www.springframework.org/schema/tx"
xsi:schemaLocation="
http://www.springframework.org/schema/beans
http://www.springframework.org/schema/beans/spring-beans-3.0.xsd
http://www.springframework.org/schema/context
http://www.springframework.org/schema/context/spring-context-3.0.xsd 
http://www.springframework.org/schema/tx 
http://www.springframework.org/schema/tx/spring-tx-3.0.xsd">

<tx:annotation-driven transaction-manager="transactionManager" /> 

<bean id="sessionFactory" class="org.springframework.orm.hibernate4.LocalSessionFactoryBean">
	<property name="dataSource" ref="dataSource" />
	<property name="hibernateProperties">  
            <props>  
                <prop key="hibernate.dialect">org.hibernate.dialect.H2Dialect</prop>
                <prop key="hibernate.current_session_context_class">thread</prop>  
                <prop key="hibernate.hbm2ddl.auto">update</prop>  
                <prop key="hibernate.show_sql">true</prop>                   
            </props>  
    </property>
    <property name="annotatedClasses">
            <list>
                <value>com.niit.sportsgear1.Model.SignupModel</value>
                <value>com.niit.sportsgear1.Model.ProductModel</value>
                <value>com.niit.sportsgear1.Model.SupplierModel</value>
                <value>com.niit.sportsgear1.Model.CategoryModel</value>
            </list>
    </property>
</bean>
<context:component-scan base-package="com.niit.sportsgear1.controller"/>
<context:component-scan base-package="com.niit.sportsgear1.dao"/>
<context:component-scan base-package="com.niit.sportsgear1.Model"/>
<context:component-scan base-package="com.niit.sportsgear1.service"/>


<bean id="dataSource" class="org.apache.commons.dbcp.BasicDataSource">  
        <property name="driverClassName" value="org.h2.Driver"></property>  
        <property name="url" value="jdbc:h2:tcp://localhost/~/test"></property>  
        <property name="username" value="sandeep"></property>
        <property name="password" value="jyoteesh"></property>  
</bean>  
</beans>
